id,immatriculation,chassis,reference_interne,date_mise_en_circulation,id_marque_vehicule,id_type_vehicule,kilometre_initial
1,5626AJ05,EWFE5442,T1,2013-09-10,3,1,0.00
2,5627AJ05,EWFE5443,T2,2013-09-11,3,1,0.00
3,5628AJ05,EWFE5444,T3,2013-09-12,3,1,0.00
4,5629AJ05,EWFE5445,T4,2013-09-13,3,1,0.00
5,5630AJ05,EWFE5446,T5,2013-09-14,3,1,0.00
6,5631AJ05,EWFE5447,T6,2013-09-15,3,1,0.00
7,5632AJ05,EWFE5448,T7,2013-09-16,3,1,0.00
8,5633AJ05,EWFE5449,T8,2013-09-17,3,1,0.00
9,5634AJ05,EWFE5450,T9,2013-09-18,3,1,0.00
10,5635AJ05,EWFE5451,T10,2013-09-19,3,1,0.00
11,5636AJ05,EWFE5452,T11,2013-09-20,3,1,0.00
12,5637AJ05,EWFE5453,T12,2013-09-21,3,1,0.00
13,5638AJ05,EWFE5454,T13,2013-09-22,3,1,0.00
14,5639AJ05,EWFE5455,T14,2013-09-23,3,1,0.00
15,5640AJ05,EWFE5456,T15,2013-09-24,3,1,0.00
16,5641AJ05,EWFE5457,T16,2013-09-25,3,1,0.00
17,5642AJ05,EWFE5458,T17,2013-09-26,3,1,0.00
18,5643AJ05,EWFE5459,T18,2013-09-27,3,1,0.00
19,5644AJ05,EWFE5460,T19,2013-09-28,3,1,0.00
20,5645AJ05,EWFE5461,T20,2013-09-29,3,1,0.00
21,5646AJ05,EWFE5462,T21,2013-09-30,3,1,0.00
22,5647AJ05,EWFE5463,T22,2013-10-01,3,1,0.00
23,5648AJ05,EWFE5464,T23,2013-10-02,3,1,0.00
24,5649AJ05,EWFE5465,T24,2013-10-03,3,1,0.00
25,5650AJ05,EWFE5466,T25,2013-10-04,3,1,0.00
26,5651AJ05,EWFE5467,T26,2013-10-05,3,1,0.00
27,5652AJ05,EWFE5468,T27,2013-10-06,3,1,0.00
28,5653AJ05,EWFE5469,T28,2013-10-07,3,1,0.00
29,5654AJ05,EWFE5470,T29,2013-10-08,3,1,0.00
30,5655AJ05,EWFE5471,T30,2013-10-09,3,1,0.00
31,5656AJ05,EWFE5472,T31,2013-10-10,3,1,0.00
32,5657AJ05,EWFE5473,T32,2013-10-11,3,1,0.00
33,5658AJ05,EWFE5474,T33,2013-10-12,3,1,0.00
34,5659AJ05,EWFE5475,T34,2013-10-13,3,1,0.00
35,5660AJ05,EWFE5476,T35,2013-10-14,3,1,0.00
36,5661AJ05,EWFE5477,T36,2013-10-15,3,1,0.00
37,5662AJ05,EWFE5478,T37,2013-10-16,3,1,0.00
38,5663AJ05,EWFE5479,T38,2013-10-17,3,1,0.00
39,5664AJ05,EWFE5480,T39,2013-10-18,3,1,0.00
40,5665AJ05,EWFE5481,T40,2013-10-19,3,1,0.00
41,5666AJ05,EWFE5482,T41,2013-10-20,3,1,0.00
42,5667AJ05,EWFE5483,T42,2013-10-21,3,1,0.00
43,5668AJ05,EWFE5484,T43,2013-10-22,3,1,0.00
44,5669AJ05,EWFE5485,T44,2013-10-23,3,1,0.00
45,5670AJ05,EWFE5486,T45,2013-10-24,3,1,0.00
46,5671AJ05,EWFE5487,T46,2013-10-25,3,1,0.00
47,5672AJ05,EWFE5488,T47,2013-10-26,3,1,0.00
48,5673AJ05,EWFE5489,T48,2013-10-27,3,1,0.00
49,5674AJ05,EWFE5490,T49,2013-10-28,3,1,0.00
50,5675AJ05,EWFE5491,T50,2013-10-29,3,1,0.00
51,5676AJ05,EWFE5492,T51,2013-10-30,3,1,0.00
52,5677AJ05,EWFE5493,T52,2013-10-31,3,1,0.00
53,5678AJ05,EWFE5494,T53,2013-11-01,3,1,0.00
54,5679AJ05,EWFE5495,T54,2013-11-02,3,1,0.00
55,5680AJ05,EWFE5496,T55,2013-11-03,3,1,0.00
56,5681AJ05,EWFE5497,T56,2013-11-04,3,1,0.00
57,5682AJ05,EWFE5498,T57,2013-11-05,3,1,0.00
58,5683AJ05,EWFE5499,T58,2013-11-06,3,1,0.00
59,5684AJ05,EWFE5500,T59,2013-11-07,3,1,0.00
60,5685AJ05,EWFE5501,T60,2013-11-08,3,1,0.00
61,5686AJ05,EWFE5502,T61,2013-11-09,3,1,0.00
62,5687AJ05,EWFE5503,T62,2013-11-10,3,1,0.00
63,5688AJ05,EWFE5504,T63,2013-11-11,3,1,0.00
64,5689AJ05,EWFE5505,T64,2013-11-12,3,1,0.00
65,5690AJ05,EWFE5506,T65,2013-11-13,3,1,0.00
66,5691AJ05,EWFE5507,T66,2013-11-14,3,1,0.00
67,5692AJ05,EWFE5508,T67,2013-11-15,3,1,0.00
68,5693AJ05,EWFE5509,T68,2013-11-16,3,1,0.00
69,5694AJ05,EWFE5510,T69,2013-11-17,3,1,0.00
70,5695AJ05,EWFE5511,T70,2013-11-18,3,1,0.00
71,5696AJ05,EWFE5512,T71,2013-11-19,3,1,0.00
72,5697AJ05,EWFE5513,T72,2013-11-20,3,1,0.00
73,5698AJ05,EWFE5514,T73,2013-11-21,3,1,0.00
74,5699AJ05,EWFE5515,T74,2013-11-22,3,1,0.00
75,5700AJ05,EWFE5516,T75,2013-11-23,3,1,0.00
76,5701AJ05,EWFE5517,T76,2013-11-24,3,1,0.00
77,5702AJ05,EWFE5518,T77,2013-11-25,3,1,0.00
78,5703AJ05,EWFE5519,T78,2013-11-26,3,1,0.00
79,5704AJ05,EWFE5520,T79,2013-11-27,3,1,0.00
80,5705AJ05,EWFE5521,T80,2013-11-28,3,1,0.00
81,5706AJ05,EWFE5522,T81,2013-11-29,3,1,0.00
82,5707AJ05,EWFE5523,T82,2013-11-30,3,1,0.00
83,5708AJ05,EWFE5524,T83,2013-12-01,3,1,0.00
84,5709AJ05,EWFE5525,T84,2013-12-02,3,1,0.00
85,5710AJ05,EWFE5526,T85,2013-12-03,3,1,0.00
86,5711AJ05,EWFE5527,T86,2013-12-04,3,1,0.00
87,5712AJ05,EWFE5528,T87,2013-12-05,3,1,0.00
88,5713AJ05,EWFE5529,T88,2013-12-06,3,1,0.00
89,5714AJ05,EWFE5530,T89,2013-12-07,3,1,0.00
90,5715AJ05,EWFE5531,T90,2013-12-08,3,1,0.00
91,5716AJ05,EWFE5532,T91,2013-12-09,3,1,0.00
92,5717AJ05,EWFE5533,T92,2013-12-10,3,1,0.00
93,5718AJ05,EWFE5534,T93,2013-12-11,3,1,0.00
94,5719AJ05,EWFE5535,T94,2013-12-12,3,1,0.00
95,5720AJ05,EWFE5536,T95,2013-12-13,3,1,0.00
96,5721AJ05,EWFE5537,T96,2013-12-14,3,1,0.00
97,5822AJ05,EWFE5538,T97,2013-12-15,3,1,0.00
98,5823AJ05,EWFE5539,T98,2013-12-16,3,1,0.00
99,5724AJ05,EWFE5540,T99,2013-12-17,3,1,0.00
100,5725AJ05,EWFE5541,T100,2013-12-18,3,1,0.00
101,5726AJ05,EWFE5542,T101,2013-12-19,3,1,0.00
102,5727AJ05,EWFE5543,T102,2013-12-20,3,1,0.00
103,5728AJ05,EWFE5544,T103,2013-12-21,3,1,0.00
104,5729AJ05,EWFE5545,T104,2013-12-22,3,1,0.00
105,5730AJ05,EWFE5546,T105,2013-12-23,3,1,0.00
106,5731AJ05,EWFE5547,T106,2013-12-24,3,1,0.00
107,5732AJ05,EWFE5548,T107,2013-12-25,3,1,0.00
108,5733AJ05,EWFE5549,T108,2013-12-26,3,1,0.00
109,5734AJ05,EWFE5550,T109,2013-12-27,3,1,0.00
110,5735AJ05,EWFE5551,T110,2013-12-28,3,1,0.00
111,5736AJ05,EWFE5552,T111,2013-12-29,3,1,0.00
112,5737AJ05,EWFE5553,T112,2013-12-30,3,1,0.00
113,5738AJ05,EWFE5554,T113,2013-12-31,3,1,0.00
114,5739AJ05,EWFE5555,T114,2014-01-01,3,1,0.00
115,5740AJ05,EWFE5556,T115,2014-01-02,3,1,0.00
116,5741AJ05,EWFE5557,T116,2014-01-03,3,1,0.00
117,5742AJ05,EWFE5558,T117,2014-01-04,3,1,0.00
118,5743AJ05,EWFE5559,T118,2014-01-05,3,1,0.00
119,5744AJ05,EWFE5560,T119,2014-01-06,3,1,0.00
120,5745AJ05,EWFE5561,T120,2014-01-07,3,1,0.00
121,5746AJ05,EWFE5562,T121,2014-01-08,3,1,0.00
122,5747AJ05,EWFE5563,T122,2014-01-09,3,1,0.00
123,5748AJ05,EWFE5564,T123,2014-01-10,3,1,0.00
124,5749AJ05,EWFE5565,T124,2014-01-11,3,1,0.00
125,5750AJ05,EWFE5566,T125,2014-01-12,3,1,0.00
126,5751AJ05,EWFE5567,T126,2014-01-13,3,1,0.00
127,5752AJ05,EWFE5568,T127,2014-01-14,3,1,0.00
128,5753AJ05,EWFE5569,T128,2014-01-15,3,1,0.00
129,5754AJ05,EWFE5570,T129,2014-01-16,3,1,0.00
130,5755AJ05,EWFE5571,T130,2014-01-17,3,1,0.00
131,5756AJ05,EWFE5572,T131,2014-01-18,3,1,0.00
132,5757AJ05,EWFE5573,T132,2014-01-19,3,1,0.00
133,5758AJ05,EWFE5574,T133,2014-01-20,3,1,0.00
134,5759AJ05,EWFE5575,T134,2014-01-21,3,1,0.00
135,5760AJ05,EWFE5576,T135,2014-01-22,3,1,0.00
136,5761AJ05,EWFE5577,T136,2014-01-23,3,1,0.00
137,5762AJ05,EWFE5578,T137,2014-01-24,3,1,0.00
138,5763AJ05,EWFE5579,T138,2014-01-25,3,1,0.00
139,5764AJ05,EWFE5580,T139,2014-01-26,3,1,0.00
140,5765AJ05,EWFE5581,T140,2014-01-27,3,1,0.00
141,5766AJ05,EWFE5582,T141,2014-01-28,3,1,0.00
142,5767AJ05,EWFE5583,T142,2014-01-29,3,1,0.00
143,5768AJ05,EWFE5584,T143,2014-01-30,3,1,0.00
144,5769AJ05,EWFE5585,T144,2014-01-31,3,1,0.00
145,5770AJ05,EWFE5586,T145,2014-02-01,3,1,0.00
146,5771AJ05,EWFE5587,T146,2014-02-02,3,1,0.00
147,5772AJ05,EWFE5588,T147,2014-02-03,3,1,0.00
148,5773AJ05,EWFE5589,T148,2014-02-04,3,1,0.00
149,5774AJ05,EWFE5590,T149,2014-02-05,3,1,0.00
150,5775AJ05,EWFE5591,T150,2014-02-06,3,1,0.00
151,5776AJ05,EWFE5592,T151,2014-02-07,3,1,0.00
152,5777AJ05,EWFE5593,T152,2014-02-08,3,1,0.00
153,5778AJ05,EWFE5594,T153,2014-02-09,3,1,0.00
154,5779AJ05,EWFE5595,T154,2014-02-10,3,1,0.00
155,5780AJ05,EWFE5596,T155,2014-02-11,3,1,0.00
156,5781AJ05,EWFE5597,T156,2014-02-12,3,1,0.00
157,5782AJ05,EWFE5598,T157,2014-02-13,3,1,0.00
158,5783AJ05,EWFE5599,T158,2014-02-14,3,1,0.00
159,5784AJ05,EWFE5600,T159,2014-02-15,3,1,0.00
160,5785AJ05,EWFE5601,T160,2014-02-16,3,1,0.00
161,5786AJ05,EWFE5602,T161,2014-02-17,3,1,0.00
162,5787AJ05,EWFE5603,T162,2014-02-18,3,1,0.00
163,5788AJ05,EWFE5604,T163,2014-02-19,3,1,0.00
164,5789AJ05,EWFE5605,T164,2014-02-20,3,1,0.00
165,5790AJ05,EWFE5606,T165,2014-02-21,3,1,0.00
166,5791AJ05,EWFE5607,T166,2014-02-22,3,1,0.00
167,5792AJ05,EWFE5608,T167,2014-02-23,3,1,0.00
168,5793AJ05,EWFE5609,T168,2014-02-24,3,1,0.00
169,5794AJ05,EWFE5610,T169,2014-02-25,3,1,0.00
170,5795AJ05,EWFE5611,T170,2014-02-26,3,1,0.00
171,5796AJ05,EWFE5612,T171,2014-02-27,3,1,0.00
172,5797AJ05,EWFE5613,T172,2014-02-28,3,1,0.00
173,5798AJ05,EWFE5614,T173,2014-03-01,3,1,0.00
174,5799AJ05,EWFE5615,T174,2014-03-02,3,1,0.00
175,5800AJ05,EWFE5616,T175,2014-03-03,3,1,0.00
176,5801AJ05,EWFE5617,T176,2014-03-04,3,1,0.00
177,5802AJ05,EWFE5618,T177,2014-03-05,3,1,0.00
178,5803AJ05,EWFE5619,T178,2014-03-06,3,1,0.00
179,5804AJ05,EWFE5620,T179,2014-03-07,3,1,0.00
180,5805AJ05,EWFE5621,T180,2014-03-08,3,1,0.00
181,5806AJ05,EWFE5622,T181,2014-03-09,3,1,0.00
182,5807AJ05,EWFE5623,T182,2014-03-10,3,1,0.00
183,5808AJ05,EWFE5624,T183,2014-03-11,3,1,0.00
184,5809AJ05,EWFE5625,T184,2014-03-12,3,1,0.00
185,5810AJ05,EWFE5626,T185,2014-03-13,3,1,0.00
186,5811AJ05,EWFE5627,T186,2014-03-14,3,1,0.00
187,5812AJ05,EWFE5628,T187,2014-03-15,3,1,0.00
188,5813AJ05,EWFE5629,T188,2014-03-16,3,1,0.00
189,5814AJ05,EWFE5630,T189,2014-03-17,3,1,0.00
190,5815AJ05,EWFE5631,T190,2014-03-18,3,1,0.00
191,5816AJ05,EWFE5632,T191,2014-03-19,3,1,0.00
192,5817AJ05,EWFE5633,T192,2014-03-20,3,1,0.00
193,5818AJ05,EWFE5634,T193,2014-03-21,3,1,0.00
194,5819AJ05,EWFE5635,T194,2014-03-22,3,1,0.00
195,5820AJ05,EWFE5636,T195,2014-03-23,3,1,0.00
196,5821AJ05,EWFE5637,T196,2014-03-24,3,1,0.00
197,5824AJ05,EWFE5638,T197,2014-03-25,3,1,0.00
198,5825AJ05,EWFE5639,T198,2014-03-26,3,1,0.00
199,5826AJ05,EWFE5640,T199,2014-03-27,3,1,0.00
200,5827AJ05,EWFE5641,T200,2014-03-28,3,1,0.00
201,5828AJ05,EWFE5642,T201,2014-03-29,3,1,0.00
202,5829AJ05,EWFE5643,T202,2014-03-30,3,1,0.00
203,5830AJ05,EWFE5644,T203,2014-03-31,3,1,0.00
204,5831AJ05,EWFE5645,T204,2014-04-01,3,1,0.00
205,5832AJ05,EWFE5646,T205,2014-04-02,3,1,0.00
206,5833AJ05,EWFE5647,T206,2014-04-03,3,1,0.00
207,5834AJ05,EWFE5648,T207,2014-04-04,3,1,0.00
208,5835AJ05,EWFE5649,T208,2014-04-05,3,1,0.00
209,5836AJ05,EWFE5650,T209,2014-04-06,3,1,0.00
210,5837AJ05,EWFE5651,T210,2014-04-07,3,1,0.00
211,5838AJ05,EWFE5652,T211,2014-04-08,3,1,0.00
212,5839AJ05,EWFE5653,T212,2014-04-09,3,1,0.00
213,5840AJ05,EWFE5654,T213,2014-04-10,3,1,0.00
214,5841AJ05,EWFE5655,T214,2014-04-11,3,1,0.00
215,5842AJ05,EWFE5656,T215,2014-04-12,3,1,0.00
216,5843AJ05,EWFE5657,T216,2014-04-13,3,1,0.00
217,5844AJ05,EWFE5658,T217,2014-04-14,3,1,0.00
218,5845AJ05,EWFE5659,T218,2014-04-15,3,1,0.00
219,5846AJ05,EWFE5660,T219,2014-04-16,3,1,0.00
220,5847AJ05,EWFE5661,T220,2014-04-17,3,1,0.00
221,5848AJ05,EWFE5662,T221,2014-04-18,3,1,0.00
222,5849AJ05,EWFE5663,T222,2014-04-19,3,1,0.00
223,5850AJ05,EWFE5664,T223,2014-04-20,3,1,0.00
224,5851AJ05,EWFE5665,T224,2014-04-21,3,1,0.00
225,5852AJ05,EWFE5666,T225,2014-04-22,3,1,0.00
226,5853AJ05,EWFE5667,T226,2014-04-23,3,1,0.00
227,5854AJ05,EWFE5668,T227,2014-04-24,3,1,0.00
228,5855AJ05,EWFE5669,T228,2014-04-25,3,1,0.00
229,5856AJ05,EWFE5670,T229,2014-04-26,3,1,0.00
230,5857AJ05,EWFE5671,T230,2014-04-27,3,1,0.00
231,5858AJ05,EWFE5672,T231,2014-04-28,3,1,0.00
232,5859AJ05,EWFE5673,T232,2014-04-29,3,1,0.00
233,5860AJ05,EWFE5674,T233,2014-04-30,3,1,0.00
234,5861AJ05,EWFE5675,T234,2014-05-01,3,1,0.00
235,5862AJ05,EWFE5676,T235,2014-05-02,3,1,0.00
236,5863AJ05,EWFE5677,T236,2014-05-03,3,1,0.00
237,5864AJ05,EWFE5678,T237,2014-05-04,3,1,0.00
238,5865AJ05,EWFE5679,T238,2014-05-05,3,1,0.00
239,5866AJ05,EWFE5680,T239,2014-05-06,3,1,0.00
240,5867AJ05,EWFE5681,T240,2014-05-07,3,1,0.00
241,5868AJ05,EWFE5682,T241,2014-05-08,3,1,0.00
242,5869AJ05,EWFE5683,T242,2014-05-09,3,1,0.00
243,5870AJ05,EWFE5684,T243,2014-05-10,3,1,0.00
244,5871AJ05,EWFE5685,T244,2014-05-11,3,1,0.00
245,5872AJ05,EWFE5686,T245,2014-05-12,3,1,0.00
246,5873AJ05,EWFE5687,T246,2014-05-13,3,1,0.00
247,5874AJ05,EWFE5688,T247,2014-05-14,3,1,0.00
248,5875AJ05,EWFE5689,T248,2014-05-15,3,1,0.00
249,5876AJ05,EWFE5690,T249,2014-05-16,3,1,0.00
250,5877AJ05,EWFE5691,T250,2014-05-17,3,1,0.00
251,5878AJ05,EWFE5692,T251,2014-05-18,3,1,0.00
252,5879AJ05,EWFE5693,T252,2014-05-19,3,1,0.00
253,5880AJ05,EWFE5694,T253,2014-05-20,3,1,0.00
254,5881AJ05,EWFE5695,T254,2014-05-21,3,1,0.00
255,5882AJ05,EWFE5696,T255,2014-05-22,3,1,0.00
256,5883AJ05,EWFE5697,T256,2014-05-23,3,1,0.00
257,5884AJ05,EWFE5698,T257,2014-05-24,3,1,0.00
258,5885AJ05,EWFE5699,T258,2014-05-25,3,1,0.00
259,5886AJ05,EWFE5700,T259,2014-05-26,3,1,0.00
260,5887AJ05,EWFE5701,T260,2014-05-27,3,1,0.00
261,5888AJ05,EWFE5702,T261,2014-05-28,3,1,0.00
262,5889AJ05,EWFE5703,T262,2014-05-29,3,1,0.00
263,5890AJ05,EWFE5704,T263,2014-05-30,3,1,0.00
264,5891AJ05,EWFE5705,T264,2014-05-31,3,1,0.00
265,5892AJ05,EWFE5706,T265,2014-06-01,3,1,0.00
266,5893AJ05,EWFE5707,T266,2014-06-02,3,1,0.00
267,5894AJ05,EWFE5708,T267,2014-06-03,3,1,0.00
268,5895AJ05,EWFE5709,T268,2014-06-04,3,1,0.00
269,5896AJ05,EWFE5710,T269,2014-06-05,3,1,0.00
270,5897AJ05,EWFE5711,T270,2014-06-06,3,1,0.00
271,5898AJ05,EWFE5712,T271,2014-06-07,3,1,0.00
272,5899AJ05,EWFE5713,T272,2014-06-08,3,1,0.00
273,5900AJ05,EWFE5714,T273,2014-06-09,3,1,0.00
274,5901AJ05,EWFE5715,T274,2014-06-10,3,1,0.00
275,5902AJ05,EWFE5716,T275,2014-06-11,3,1,0.00
276,5903AJ05,EWFE5717,T276,2014-06-12,3,1,0.00
277,5904AJ05,EWFE5718,T277,2014-06-13,3,1,0.00
278,5905AJ05,EWFE5719,T278,2014-06-14,3,1,0.00
279,5906AJ05,EWFE5720,T279,2014-06-15,3,1,0.00
280,5907AJ05,EWFE5721,T280,2014-06-16,3,1,0.00
281,5908AJ05,EWFE5722,T281,2014-06-17,3,1,0.00
282,5909AJ05,EWFE5723,T282,2014-06-18,3,1,0.00
283,5910AJ05,EWFE5724,T283,2014-06-19,3,1,0.00
284,5911AJ05,EWFE5725,T284,2014-06-20,3,1,0.00
285,5912AJ05,EWFE5726,T285,2014-06-21,3,1,0.00
286,5913AJ05,EWFE5727,T286,2014-06-22,3,1,0.00
287,5914AJ05,EWFE5728,T287,2014-06-23,3,1,0.00
288,5915AJ05,EWFE5729,T288,2014-06-24,3,1,0.00
289,5916AJ05,EWFE5730,T289,2014-06-25,3,1,0.00
290,5917AJ05,EWFE5731,T290,2014-06-26,3,1,0.00
291,5918AJ05,EWFE5732,T291,2014-06-27,3,1,0.00
292,5919AJ05,EWFE5733,T292,2014-06-28,3,1,0.00
293,5920AJ05,EWFE5734,T293,2014-06-29,3,1,0.00
294,5921AJ05,EWFE5735,T294,2014-06-30,3,1,0.00
295,5922AJ05,EWFE5736,T295,2014-07-01,3,1,0.00
296,5923AJ05,EWFE5737,T296,2014-07-02,3,1,0.00
297,5924AJ05,EWFE5738,T297,2014-07-03,3,1,0.00
298,5925AJ05,EWFE5739,T298,2014-07-04,3,1,0.00
299,5926AJ05,EWFE5740,T299,2014-07-05,3,1,0.00
300,5927AJ05,EWFE5741,T300,2014-07-06,3,1,0.00
301,5928AJ05,EWFE5742,T301,2014-07-07,3,1,0.00
302,5929AJ05,EWFE5743,T302,2014-07-08,3,1,0.00
303,5930AJ05,EWFE5744,T303,2014-07-09,3,1,0.00
304,5931AJ05,EWFE5745,T304,2014-07-10,3,1,0.00
305,5932AJ05,EWFE5746,T305,2014-07-11,3,1,0.00
306,5933AJ05,EWFE5747,T306,2014-07-12,3,1,0.00
307,5934AJ05,EWFE5748,T307,2014-07-13,3,1,0.00
308,5935AJ05,EWFE5749,T308,2014-07-14,3,1,0.00
309,5936AJ05,EWFE5750,T309,2014-07-15,3,1,0.00
310,5937AJ05,EWFE5751,T310,2014-07-16,3,1,0.00
311,5938AJ05,EWFE5752,T311,2014-07-17,3,1,0.00
312,5939AJ05,EWFE5753,T312,2014-07-18,3,1,0.00
313,5940AJ05,EWFE5754,T313,2014-07-19,3,1,0.00
314,5941AJ05,EWFE5755,T314,2014-07-20,3,1,0.00
315,5942AJ05,EWFE5756,T315,2014-07-21,3,1,0.00
316,5943AJ05,EWFE5757,T316,2014-07-22,3,1,0.00
317,5944AJ05,EWFE5758,T317,2014-07-23,3,1,0.00
318,5945AJ05,EWFE5759,T318,2014-07-24,3,1,0.00
319,5946AJ05,EWFE5760,T319,2014-07-25,3,1,0.00
320,5947AJ05,EWFE5761,T320,2014-07-26,3,1,0.00
321,5948AJ05,EWFE5762,T321,2014-07-27,3,1,0.00
322,5949AJ05,EWFE5763,T322,2014-07-28,3,1,0.00
323,5950AJ05,EWFE5764,T323,2014-07-29,3,1,0.00
324,5951AJ05,EWFE5765,T324,2014-07-30,3,1,0.00
325,5952AJ05,EWFE5766,T325,2014-07-31,3,1,0.00
326,5953AJ05,EWFE5767,T326,2014-08-01,3,1,0.00
327,5954AJ05,EWFE5768,T327,2014-08-02,3,1,0.00
328,5955AJ05,EWFE5769,T328,2014-08-03,3,1,0.00
329,5956AJ05,EWFE5770,T329,2014-08-04,3,1,0.00
330,5957AJ05,EWFE5771,T330,2014-08-05,3,1,0.00
331,5958AJ05,EWFE5772,T331,2014-08-06,3,1,0.00
332,5959AJ05,EWFE5773,T332,2014-08-07,3,1,0.00
333,5960AJ05,EWFE5774,T333,2014-08-08,3,1,0.00
334,5961AJ05,EWFE5775,T334,2014-08-09,3,1,0.00
335,5962AJ05,EWFE5776,T335,2014-08-10,3,1,0.00
336,5963AJ05,EWFE5777,T336,2014-08-11,3,1,0.00
337,5964AJ05,EWFE5778,T337,2014-08-12,3,1,0.00
338,5965AJ05,EWFE5779,T338,2014-08-13,3,1,0.00
339,5966AJ05,EWFE5780,T339,2014-08-14,3,1,0.00
340,5967AJ05,EWFE5781,T340,2014-08-15,3,1,0.00
341,5968AJ05,EWFE5782,T341,2014-08-16,3,1,0.00
342,5969AJ05,EWFE5783,T342,2014-08-17,3,1,0.00
343,5970AJ05,EWFE5784,T343,2014-08-18,3,1,0.00
344,5971AJ05,EWFE5785,T344,2014-08-19,3,1,0.00
345,5972AJ05,EWFE5786,T345,2014-08-20,3,1,0.00
346,5973AJ05,EWFE5787,T346,2014-08-21,3,1,0.00
347,5974AJ05,EWFE5788,T347,2014-08-22,3,1,0.00
348,5975AJ05,EWFE5789,T348,2014-08-23,3,1,0.00
349,5976AJ05,EWFE5790,T349,2014-08-24,3,1,0.00
350,5977AJ05,EWFE5791,T350,2014-08-25,3,1,0.00
351,5978AJ05,EWFE5792,T351,2014-08-26,3,1,0.00
352,5979AJ05,EWFE5793,T352,2014-08-27,3,1,0.00
353,5980AJ05,EWFE5794,T353,2014-08-28,3,1,0.00
354,5981AJ05,EWFE5795,T354,2014-08-29,3,1,0.00
355,5982AJ05,EWFE5796,T355,2014-08-30,3,1,0.00
356,5983AJ05,EWFE5797,T356,2014-08-31,3,1,0.00
357,5984AJ05,EWFE5798,T357,2014-09-01,3,1,0.00
358,5985AJ05,EWFE5799,T358,2014-09-02,3,1,0.00
359,5986AJ05,EWFE5800,T359,2014-09-03,3,1,0.00
360,5987AJ05,EWFE5801,T360,2014-09-04,3,1,0.00
361,5988AJ05,EWFE5802,T361,2014-09-05,3,1,0.00
362,5989AJ05,EWFE5803,T362,2014-09-06,3,1,0.00
363,5990AJ05,EWFE5804,T363,2014-09-07,3,1,0.00
364,5991AJ05,EWFE5805,T364,2014-09-08,3,1,0.00
365,5992AJ05,EWFE5806,T365,2014-09-09,3,1,0.00
366,5993AJ05,EWFE5807,T366,2014-09-10,3,1,0.00
367,5994AJ05,EWFE5808,T367,2014-09-11,3,1,0.00
368,5995AJ05,EWFE5809,T368,2014-09-12,3,1,0.00
369,5996AJ05,EWFE5810,T369,2014-09-13,3,1,0.00
370,5997AJ05,EWFE5811,T370,2014-09-14,3,1,0.00
371,5998AJ05,EWFE5812,T371,2014-09-15,3,1,0.00
372,5999AJ05,EWFE5813,T372,2014-09-16,3,1,0.00
373,2772AK05,EWFE5814,T373,2014-09-17,3,1,0.00
374,5976AA14,EWFE5815,T374,2014-09-18,3,1,0.00
375,5977AA14,EWFE5816,T375,2014-09-19,3,1,0.00
376,5978AA14,EWFE5817,T376,2014-09-20,3,1,0.00
377,5979AA14,EWFE5818,T377,2014-09-21,3,1,0.00
378,5980AA14,EWFE5819,T378,2014-09-22,3,1,0.00
379,5981AA14,EWFE5820,T379,2014-09-23,3,1,0.00
380,5982AA14,EWFE5821,T380,2014-09-24,3,1,0.00
381,1014AF05,EWFE5822,T381,2014-09-25,3,1,0.00
382,1017AF05,EWFE5823,T382,2014-09-26,3,1,0.00
383,1018AF05,EWFE5824,T383,2014-09-27,3,1,0.00
384,1019AF05,EWFE5825,T384,2014-09-28,3,1,0.00
385,1020AF05,EWFE5826,T385,2014-09-29,3,1,0.00
386,1025AF05,EWFE5827,T386,2014-09-30,3,1,0.00
387,1022AF05,EWFE5828,T387,2014-10-01,3,1,0.00
388,1023AF05,EWFE5829,T388,2014-10-02,3,1,0.00
389,1110AF05,EWFE5830,T389,2014-10-03,3,1,0.00
390,1117AF05,EWFE5831,T390,2014-10-04,3,1,0.00
391,2817AH05,EWFE5832,T391,2014-10-05,3,1,0.00
392,2820AH05,EWFE5833,T392,2014-10-06,3,1,0.00
393,5358AF05,EWFE5834,T393,2014-10-07,3,1,0.00
394,5359AF05,EWFE5835,T394,2014-10-08,3,1,0.00
395,5361AF05,EWFE5836,T395,2014-10-09,3,1,0.00
396,5360AF05,EWFE5837,T396,2014-10-10,3,1,0.00
397,5366AF05,EWFE5838,T397,2014-10-11,3,1,0.00
398,5367AF05,EWFE5839,T398,2014-10-12,3,1,0.00
399,7528AC05,EWFE5840,T399,2014-10-13,3,1,0.00
400,9016AC05,EWFE5841,T400,2014-10-14,3,1,0.00
401,8503AA05,EWFE5842,T401,2014-10-15,3,1,0.00
402,8504AA05,EWFE5843,T402,2014-10-16,3,1,0.00
403,8526AA05,EWFE5844,T403,2014-10-17,3,1,0.00
404,8527AA05,EWFE5845,T404,2014-10-18,3,1,0.00
405,8532AA05,EWFE5846,T405,2014-10-19,3,1,0.00
406,8533AA05,EWFE5847,T406,2014-10-20,3,1,0.00
407,8611AA05,EWFE5848,T407,2014-10-21,3,1,0.00
408,8612AA05,EWFE5849,T408,2014-10-22,3,1,0.00
409,8623AA05,EWFE5850,T409,2014-10-23,3,1,0.00
410,8624AA05,EWFE5851,T410,2014-10-24,3,1,0.00
411,8629AA05,EWFE5852,T411,2014-10-25,3,1,0.00
412,8630AA05,EWFE5853,T412,2014-10-26,3,1,0.00
413,8648AA05,EWFE5854,T413,2014-10-27,3,1,0.00
414,8649AA05,EWFE5855,T414,2014-10-28,3,1,0.00
415,8651AA05,EWFE5856,T415,2014-10-29,3,1,0.00
416,8652AA05,EWFE5857,T416,2014-10-30,3,1,0.00
417,8678AA05,EWFE5858,T417,2014-10-31,3,1,0.00
418,8679AA05,EWFE5859,T418,2014-11-01,3,1,0.00
419,8520AA05,EWFE5860,T419,2014-11-02,3,1,0.00
420,8521AA05,EWFE5861,T420,2014-11-03,3,1,0.00
421,8535AA05,EWFE5862,T421,2014-11-04,3,1,0.00
422,8536AA05,EWFE5863,T422,2014-11-05,3,1,0.00
423,8645AA05,EWFE5864,T423,2014-11-06,3,1,0.00
424,8646AA05,EWFE5865,T424,2014-11-07,3,1,0.00
425,8544AA05,EWFE5866,T425,2014-11-08,3,1,0.00
426,8545AA05,EWFE5867,T426,2014-11-09,3,1,0.00
427,8681AA05,EWFE5868,T427,2014-11-10,3,1,0.00
428,8682AA05,EWFE5869,T428,2014-11-11,3,1,0.00
429,8690AA05,EWFE5870,T429,2014-11-12,3,1,0.00
430,8691AA05,EWFE5871,T430,2014-11-13,3,1,0.00
431,8693AA05,EWFE5872,T431,2014-11-14,3,1,0.00
432,8694AA05,EWFE5873,T432,2014-11-15,3,1,0.00
433,7470AC05,EWFE5874,T433,2014-11-16,3,1,0.00
434,7471AC05,EWFE5875,T434,2014-11-17,3,1,0.00
435,8523AA05,EWFE5876,T435,2014-11-18,3,1,0.00
436,8524AA05,EWFE5877,T436,2014-11-19,3,1,0.00
437,9017AC05,EWFE5878,T437,2014-11-20,3,1,0.00
438,9018AC05,EWFE5879,T438,2014-11-21,3,1,0.00
439,8529AA05,EWFE5880,T439,2014-11-22,3,1,0.00
440,8530AA05,EWFE5881,T440,2014-11-23,3,1,0.00
441,5370AF05,EWFE5882,T441,2014-11-24,3,1,0.00
442,5371AF05,EWFE5883,T442,2014-11-25,3,1,0.00
443,8550AA05,EWFE5884,T443,2014-11-26,3,1,0.00
444,8549AA05,EWFE5885,T444,2014-11-27,3,1,0.00
445,8553AA05,EWFE5886,T445,2014-11-28,3,1,0.00
446,8554AA05,EWFE5887,T446,2014-11-29,3,1,0.00
447,8556AA05,EWFE5888,T447,2014-11-30,3,1,0.00
448,8557AA05,EWFE5889,T448,2014-12-01,3,1,0.00
449,8559AA05,EWFE5890,T449,2014-12-02,3,1,0.00
450,8560AA05,EWFE5891,T450,2014-12-03,3,1,0.00
451,8617AA05,EWFE5892,T451,2014-12-04,3,1,0.00
452,8618AA05,EWFE5893,T452,2014-12-05,3,1,0.00
453,8596AA05,EWFE5894,T453,2014-12-06,3,1,0.00
454,8597AA05,EWFE5895,T454,2014-12-07,3,1,0.00
455,8593AA05,EWFE5896,T455,2014-12-08,3,1,0.00
456,8594AA05,EWFE5897,T456,2014-12-09,3,1,0.00
457,8566AA05,EWFE5898,T457,2014-12-10,3,1,0.00
458,8565AA05,EWFE5899,T458,2014-12-11,3,1,0.00
459,8569AA05,EWFE5900,T459,2014-12-12,3,1,0.00
460,8570AA05,EWFE5901,T460,2014-12-13,3,1,0.00
461,8572AA05,EWFE5902,T461,2014-12-14,3,1,0.00
462,8573AA05,EWFE5903,T462,2014-12-15,3,1,0.00
463,1116AF05,EWFE5904,T463,2014-12-16,3,1,0.00
464,1115AF05,EWFE5905,T464,2014-12-17,3,1,0.00
465,2813AH05,EWFE5906,T465,2014-12-18,3,1,0.00
466,2816AH05,EWFE5907,T466,2014-12-19,3,1,0.00
467,8657AA05,EWFE5908,T467,2014-12-20,3,1,0.00
468,8658AA05,EWFE5909,T468,2014-12-21,3,1,0.00
469,8660AA05,EWFE5910,T469,2014-12-22,3,1,0.00
470,8661AA05,EWFE5911,T470,2014-12-23,3,1,0.00
471,8666AA05,EWFE5912,T471,2014-12-24,3,1,0.00
472,8667AA05,EWFE5913,T472,2014-12-25,3,1,0.00
473,5363AF05,EWFE5914,T473,2014-12-26,3,1,0.00
474,5362AF05,EWFE5915,T474,2014-12-27,3,1,0.00
475,8654AA05,EWFE5916,T475,2014-12-28,3,1,0.00
476,8655AA05,EWFE5917,T476,2014-12-29,3,1,0.00
477,8563AA05,EWFE5918,T477,2014-12-30,3,1,0.00
478,8564AA05,EWFE5919,T478,2014-12-31,3,1,0.00
479,8684AA05,EWFE5920,T479,2015-01-01,3,1,0.00
480,8685AA05,EWFE5921,T480,2015-01-02,3,1,0.00
481,8599AA05,EWFE5922,T481,2015-01-03,3,1,0.00
482,8600AA05,EWFE5923,T482,2015-01-04,3,1,0.00
483,8699AA05,EWFE5924,T483,2015-01-05,3,1,0.00
484,8700AA05,EWFE5925,T484,2015-01-06,3,1,0.00
485,8578AA05,EWFE5926,T485,2015-01-07,3,1,0.00
486,8579AA05,EWFE5927,T486,2015-01-08,3,1,0.00
487,8581AA05,EWFE5928,T487,2015-01-09,3,1,0.00
488,8582AA05,EWFE5929,T488,2015-01-10,3,1,0.00
489,7477AC05,EWFE5930,T489,2015-01-11,3,1,0.00
490,7478AC05,EWFE5931,T490,2015-01-12,3,1,0.00
491,7480AC05,EWFE5932,T491,2015-01-13,3,1,0.00
492,7481AC05,EWFE5933,T492,2015-01-14,3,1,0.00
493,7489AC05,EWFE5934,T493,2015-01-15,3,1,0.00
494,7490AC05,EWFE5935,T494,2015-01-16,3,1,0.00
495,7492AC05,EWFE5936,T495,2015-01-17,3,1,0.00
496,7493AC05,EWFE5937,T496,2015-01-18,3,1,0.00
497,7495AC05,EWFE5938,T497,2015-01-19,3,1,0.00
498,7496AC05,EWFE5939,T498,2015-01-20,3,1,0.00
499,7498AC05,EWFE5940,T499,2015-01-21,3,1,0.00
500,7499AC05,EWFE5941,T500,2015-01-22,3,1,0.00
501,6006AA14,EWFE5942,T501,2015-01-23,3,1,0.00
502,6007AA14,EWFE5943,T502,2015-01-24,3,1,0.00
503,6008AA14,EWFE5944,T503,2015-01-25,3,1,0.00
504,6009AA14,EWFE5945,T504,2015-01-26,3,1,0.00
505,6010AA14,EWFE5946,T505,2015-01-27,3,1,0.00
506,6011AA14,EWFE5947,T506,2015-01-28,3,1,0.00
507,6012AA14,EWFE5948,T507,2015-01-29,3,1,0.00
508,6013AA14,EWFE5949,T508,2015-01-30,3,1,0.00
509,6014AA14,EWFE5950,T509,2015-01-31,3,1,0.00
510,6015AA14,EWFE5951,T510,2015-02-01,3,1,0.00
511,6016AA14,EWFE5952,T511,2015-02-02,3,1,0.00
512,6017AA14,EWFE5953,T512,2015-02-03,3,1,0.00
513,6018AA14,EWFE5954,T513,2015-02-04,3,1,0.00
514,6019AA14,EWFE5955,T514,2015-02-05,3,1,0.00
515,6020AA14,EWFE5956,T515,2015-02-06,3,1,0.00
516,6021AA14,EWFE5957,T516,2015-02-07,3,1,0.00
517,6022AA14,EWFE5958,T517,2015-02-08,3,1,0.00
518,6023AA14,EWFE5959,T518,2015-02-09,3,1,0.00
519,6024AA14,EWFE5960,T519,2015-02-10,3,1,0.00
520,6025AA14,EWFE5961,T520,2015-02-11,3,1,0.00
521,6026AA14,EWFE5962,T521,2015-02-12,3,1,0.00
522,6027AA14,EWFE5963,T522,2015-02-13,3,1,0.00
523,5983AA14,EWFE5964,T523,2015-02-14,3,1,0.00
524,5984AA14,EWFE5965,T524,2015-02-15,3,1,0.00
525,5985AA14,EWFE5966,T525,2015-02-16,3,1,0.00
526,5986AA14,EWFE5967,T526,2015-02-17,3,1,0.00
527,5987AA14,EWFE5968,T527,2015-02-18,3,1,0.00
528,5988AA14,EWFE5969,T528,2015-02-19,3,1,0.00
529,5989AA14,EWFE5970,T529,2015-02-20,3,1,0.00
530,5990AA14,EWFE5971,T530,2015-02-21,3,1,0.00
531,5991AA14,EWFE5972,T531,2015-02-22,3,1,0.00
532,5992AA14,EWFE5973,T532,2015-02-23,3,1,0.00
533,5993AA14,EWFE5974,T533,2015-02-24,3,1,0.00
534,5994AA14,EWFE5975,T534,2015-02-25,3,1,0.00
535,5995AA14,EWFE5976,T535,2015-02-26,3,1,0.00
536,5996AA14,EWFE5977,T536,2015-02-27,3,1,0.00
537,5997AA14,EWFE5978,T537,2015-02-28,3,1,0.00
538,5998AA14,EWFE5979,T538,2015-03-01,3,1,0.00
539,5999AA14,EWFE5980,T539,2015-03-02,3,1,0.00
540,6000AA14,EWFE5981,T540,2015-03-03,3,1,0.00
541,5951AA14,EWFE5982,T541,2015-03-04,3,1,0.00
542,5952AA14,EWFE5983,T542,2015-03-05,3,1,0.00
543,5953AA14,EWFE5984,T543,2015-03-06,3,1,0.00
544,5954AA14,EWFE5985,T544,2015-03-07,3,1,0.00
545,5955AA14,EWFE5986,T545,2015-03-08,3,1,0.00
546,5956AA14,EWFE5987,T546,2015-03-09,3,1,0.00
547,5957AA14,EWFE5988,T547,2015-03-10,3,1,0.00
548,5958AA14,EWFE5989,T548,2015-03-11,3,1,0.00
549,5959AA14,EWFE5990,T549,2015-03-12,3,1,0.00
550,5960AA14,EWFE5991,T550,2015-03-13,3,1,0.00
551,5961AA14,EWFE5992,T551,2015-03-14,3,1,0.00
552,5962AA14,EWFE5993,T552,2015-03-15,3,1,0.00
553,5963AA14,EWFE5994,T553,2015-03-16,3,1,0.00
554,5964AA14,EWFE5995,T554,2015-03-17,3,1,0.00
555,5965AA14,EWFE5996,T555,2015-03-18,3,1,0.00
556,5966AA14,EWFE5997,T556,2015-03-19,3,1,0.00
557,5967AA14,EWFE5998,T557,2015-03-20,3,1,0.00
558,5968AA14,EWFE5999,T558,2015-03-21,3,1,0.00
559,5969AA14,EWFE6000,T559,2015-03-22,3,1,0.00
560,5970AA14,EWFE6001,T560,2015-03-23,3,1,0.00
561,5971AA14,EWFE6002,T561,2015-03-24,3,1,0.00
562,5972AA14,EWFE6003,T562,2015-03-25,3,1,0.00
563,5973AA14,EWFE6004,T563,2015-03-26,3,1,0.00
564,5974AA14,EWFE6005,T564,2015-03-27,3,1,0.00
565,5975AA14,EWFE6006,T565,2015-03-28,3,1,0.00
566,6001AA14,EWFE6007,T566,2015-03-29,3,1,0.00
567,6002AA14,EWFE6008,T567,2015-03-30,3,1,0.00
568,6003AA14,EWFE6009,T568,2015-03-31,3,1,0.00
569,6004AA14,EWFE6010,T569,2015-04-01,3,1,0.00
570,6005AA14,EWFE6011,T570,2015-04-02,3,1,0.00
571,6601AL05,EWFE6012,T571,2015-04-03,3,1,0.00
572,6602AL05,EWFE6013,T572,2015-04-04,3,1,0.00
573,6603AL05,EWFE6014,T573,2015-04-05,3,1,0.00
574,6604AL05,EWFE6015,T574,2015-04-06,3,1,0.00
575,6605AL05,EWFE6016,T575,2015-04-07,3,1,0.00
576,6606AL05,EWFE6017,T576,2015-04-08,3,1,0.00
577,6607AL05,EWFE6018,T577,2015-04-09,3,1,0.00
578,6608AL05,EWFE6019,T578,2015-04-10,3,1,0.00
579,6609AL05,EWFE6020,T579,2015-04-11,3,1,0.00
580,6610AL05,EWFE6021,T580,2015-04-12,3,1,0.00
581,6611AL05,EWFE6022,T581,2015-04-13,3,1,0.00
582,6612AL05,EWFE6023,T582,2015-04-14,3,1,0.00
583,6613AL05,EWFE6024,T583,2015-04-15,3,1,0.00
584,6614AL05,EWFE6025,T584,2015-04-16,3,1,0.00
585,6615AL05,EWFE6026,T585,2015-04-17,3,1,0.00
586,6616AL05,EWFE6027,T586,2015-04-18,3,1,0.00
587,6617AL05,EWFE6028,T587,2015-04-19,3,1,0.00
588,6618AL05,EWFE6029,T588,2015-04-20,3,1,0.00
589,6619AL05,EWFE6030,T589,2015-04-21,3,1,0.00
590,6620AL05,EWFE6031,T590,2015-04-22,3,1,0.00
591,6621AL05,EWFE6032,T591,2015-04-23,3,1,0.00
592,6622AL05,EWFE6033,T592,2015-04-24,3,1,0.00
593,6623AL05,EWFE6034,T593,2015-04-25,3,1,0.00
594,6624AL05,EWFE6035,T594,2015-04-26,3,1,0.00
595,6625AL05,EWFE6036,T595,2015-04-27,3,1,0.00
596,6576AL05,EWFE6037,T596,2015-04-28,3,1,0.00
597,6577AL05,EWFE6038,T597,2015-04-29,3,1,0.00
598,6578AL05,EWFE6039,T598,2015-04-30,3,1,0.00
599,6579AL05,EWFE6040,T599,2015-05-01,3,1,0.00
600,6580AL05,EWFE6041,T600,2015-05-02,3,1,0.00
601,6581AL05,EWFE6042,T601,2015-05-03,3,1,0.00
602,6582AL05,EWFE6043,T602,2015-05-04,3,1,0.00
603,8643AA05,EWFE5442,MS001,2015-05-04,16,2,0.00
604,8522AA05,EWFE5443,MS002,2015-05-05,16,2,0.00
605,8525AA05,EWFE5444,MS003,2015-05-06,16,2,0.00
606,8528AA05,EWFE5445,MS004,2015-05-07,16,2,0.00
607,8531AA05,EWFE5446,MS005,2015-05-08,16,2,0.00
608,8534AA05,EWFE5447,MS006,2015-05-09,16,2,0.00
609,8540AA05,EWFE5448,MS007,2015-05-10,16,2,0.00
610,8543AA05,EWFE5449,MS008,2015-05-11,16,2,0.00
611,8551AA05,EWFE5450,MS009,2015-05-12,16,2,0.00
612,8552AA05,EWFE5451,MS010,2015-05-13,16,2,0.00
613,8555AA05,EWFE5452,MS011,2015-05-14,16,2,0.00
614,8558AA05,EWFE5453,MS012,2015-05-15,16,2,0.00
615,8562AA05,EWFE5454,MS013,2015-05-16,16,2,0.00
616,8644AA05,EWFE5455,MS014,2015-05-17,16,2,0.00
617,1263AK05,EWFE5456,MS015,2015-05-18,16,2,0.00
618,8567AA05,EWFE5457,MS016,2015-05-19,16,2,0.00
619,8568AA05,EWFE5458,MS017,2015-05-20,16,2,0.00
620,8571AA05,EWFE5459,MS018,2015-05-21,16,2,0.00
621,8650AA05,EWFE5460,MS019,2015-05-22,16,2,0.00
622,8653AA05,EWFE5461,MS020,2015-05-23,16,2,0.00
623,8656AA05,EWFE5462,MS021,2015-05-24,16,2,0.00
624,8659AA05,EWFE5463,MS022,2015-05-25,16,2,0.00
625,8665AA05,EWFE5464,MS023,2015-05-26,16,2,0.00
626,8668AA05,EWFE5465,MS024,2015-05-27,16,2,0.00
627,8674AA05,EWFE5466,MS025,2015-05-28,16,2,0.00
628,8677AA05,EWFE5467,MS026,2015-05-29,16,2,0.00
629,8680AA05,EWFE5468,MS027,2015-05-30,16,2,0.00
630,8683AA05,EWFE5469,MS028,2015-05-31,16,2,0.00
631,8686AA05,EWFE5470,MS029,2015-06-01,16,2,0.00
632,8689AA05,EWFE5471,MS030,2015-06-02,16,2,0.00
633,8692AA05,EWFE5472,MS031,2015-06-03,16,2,0.00
634,8698AA05,EWFE5473,MS032,2015-06-04,16,2,0.00
635,8577AA05,EWFE5474,MS033,2015-06-05,16,2,0.00
636,8580AA05,EWFE5475,MS034,2015-06-06,16,2,0.00
637,7469AC05,EWFE5476,MS035,2015-06-07,16,2,0.00
638,7476AC05,EWFE5477,MS036,2015-06-08,16,2,0.00
639,7479AC05,EWFE5478,MS037,2015-06-09,16,2,0.00
640,7488AC05,EWFE5479,MS038,2015-06-10,16,2,0.00
641,7491AC05,EWFE5480,MS039,2015-06-11,16,2,0.00
642,7494AC05,EWFE5481,MS040,2015-06-12,16,2,0.00
643,7497AC05,EWFE5482,MS041,2015-06-13,16,2,0.00
644,6435AE05,EWFE5483,MS042,2015-06-14,2,2,0.00
645,6436AE05,EWFE5484,MS043,2015-06-15,2,2,0.00
646,6437AE05,EWFE5485,MS044,2015-06-16,2,2,0.00
647,0076AF05,EWFE5486,MS045,2015-06-17,2,2,0.00
648,0078AF05,EWFE5487,MS046,2015-06-18,2,2,0.00
649,0079AF05,EWFE5488,MS047,2015-06-19,2,2,0.00
650,0080AF05,EWFE5489,MS048,2015-06-20,2,2,0.00
651,0102AF05,EWFE5490,MS049,2015-06-21,2,2,0.00
652,0103AF05,EWFE5491,MS050,2015-06-22,2,2,0.00
653,3526AF05,EWFE5492,MS051,2015-06-23,2,2,0.00
654,3527AF05,EWFE5493,MS052,2015-06-24,2,2,0.00
655,3528AF05,EWFE5494,MS053,2015-06-25,2,2,0.00
656,3529AF05,EWFE5495,MS054,2015-06-26,2,2,0.00
657,3530AF05,EWFE5496,MS055,2015-06-27,2,2,0.00
658,3531AF05,EWFE5497,MS056,2015-06-28,2,2,0.00
659,3532AF05,EWFE5498,MS057,2015-06-29,2,2,0.00
660,3533AF05,EWFE5499,MS058,2015-06-30,2,2,0.00
661,3534AF05,EWFE5500,MS059,2015-07-01,2,2,0.00
662,3536AF05,EWFE5501,MS060,2015-07-02,2,2,0.00
663,6001AJ05,EWFE5502,MS061,2015-07-03,2,2,0.00
664,6002AJ05,EWFE5503,MS062,2015-07-04,2,2,0.00
665,6003AJ05,EWFE5504,MS063,2015-07-05,2,2,0.00
666,6004AJ05,EWFE5505,MS064,2015-07-06,2,2,0.00
667,6005AJ05,EWFE5506,MS065,2015-07-07,2,2,0.00
668,6006AJ05,EWFE5507,MS066,2015-07-08,2,2,0.00
669,6007AJ05,EWFE5508,MS067,2015-07-09,2,2,0.00
670,6008AJ05,EWFE5509,MS068,2015-07-10,2,2,0.00
671,6009AJ05,EWFE5510,MS069,2015-07-11,2,2,0.00
672,6010AJ05,EWFE5511,MS070,2015-07-12,2,2,0.00
673,6011AJ05,EWFE5512,MS071,2015-07-13,2,2,0.00
674,6012AJ05,EWFE5513,MS072,2015-07-14,2,2,0.00
675,6013AJ05,EWFE5514,MS073,2015-07-15,2,2,0.00
676,6014AJ05,EWFE5515,MS074,2015-07-16,2,2,0.00
677,6015AJ05,EWFE5516,MS075,2015-07-17,2,2,0.00
678,6016AJ05,EWFE5517,MS076,2015-07-18,2,2,0.00
679,6017AJ05,EWFE5518,MS077,2015-07-19,2,2,0.00
680,6018AJ05,EWFE5519,MS078,2015-07-20,2,2,0.00
681,6019AJ05,EWFE5520,MS079,2015-07-21,2,2,0.00
682,6020AJ05,EWFE5521,MS080,2015-07-22,2,2,0.00
683,6021AJ05,EWFE5522,MS081,2015-07-23,2,2,0.00
684,6022AJ05,EWFE5523,MS082,2015-07-24,2,2,0.00
685,6023AJ05,EWFE5524,MS083,2015-07-25,2,2,0.00
686,6024AJ05,EWFE5525,MS084,2015-07-26,2,2,0.00
687,6025AJ05,EWFE5526,MS085,2015-07-27,2,2,0.00
688,6026AJ05,EWFE5527,MS086,2015-07-28,2,2,0.00
689,6027AJ05,EWFE5528,MS087,2015-07-29,2,2,0.00
690,6028AJ05,EWFE5529,MS088,2015-07-30,2,2,0.00
691,6029AJ05,EWFE5530,MS089,2015-07-31,2,2,0.00
692,6030AJ05,EWFE5531,MS090,2015-08-01,2,2,0.00
693,6031AJ05,EWFE5532,MS091,2015-08-02,2,2,0.00
694,6032AJ05,EWFE5533,MS092,2015-08-03,2,2,0.00
695,6033AJ05,EWFE5534,MS093,2015-08-04,2,2,0.00
696,6034AJ05,EWFE5535,MS094,2015-08-05,2,2,0.00
697,6035AJ05,EWFE5536,MS095,2015-08-06,2,2,0.00
698,6036AJ05,EWFE5537,MS096,2015-08-07,2,2,0.00
699,6037AJ05,EWFE5538,MS097,2015-08-08,2,2,0.00
700,6038AJ05,EWFE5539,MS098,2015-08-09,2,2,0.00
701,6039AJ05,EWFE5540,MS099,2015-08-10,2,2,0.00
702,6040AJ05,EWFE5541,MS100,2015-08-11,2,2,0.00
703,6041AJ05,EWFE5542,MS101,2015-08-12,2,2,0.00
704,6042AJ05,EWFE5543,MS102,2015-08-13,2,2,0.00
705,6043AJ05,EWFE5544,MS103,2015-08-14,2,2,0.00
706,6044AJ05,EWFE5545,MS104,2015-08-15,2,2,0.00
707,6045AJ05,EWFE5546,MS105,2015-08-16,2,2,0.00
708,6046AJ05,EWFE5547,MS106,2015-08-17,2,2,0.00
709,6047AJ05,EWFE5548,MS107,2015-08-18,2,2,0.00
710,6048AJ05,EWFE5549,MS108,2015-08-19,2,2,0.00
711,6049AJ05,EWFE5550,MS109,2015-08-20,2,2,0.00
712,6050AJ05,EWFE5551,MS110,2015-08-21,2,2,0.00
713,6051AJ05,EWFE5552,MS111,2015-08-22,2,2,0.00
714,6052AJ05,EWFE5553,MS112,2015-08-23,2,2,0.00
715,6053AJ05,EWFE5554,MS113,2015-08-24,2,2,0.00
716,6054AJ05,EWFE5555,MS114,2015-08-25,2,2,0.00
717,6055AJ05,EWFE5556,MS115,2015-08-26,2,2,0.00
718,6056AJ05,EWFE5557,MS116,2015-08-27,2,2,0.00
719,6057AJ05,EWFE5558,MS117,2015-08-28,2,2,0.00
720,6058AJ05,EWFE5559,MS118,2015-08-29,2,2,0.00
721,6059AJ05,EWFE5560,MS119,2015-08-30,2,2,0.00
722,6060AJ05,EWFE5561,MS120,2015-08-31,2,2,0.00
723,6061AJ05,EWFE5562,MS121,2015-09-01,2,2,0.00
724,6062AJ05,EWFE5563,MS122,2015-09-02,2,2,0.00
725,6063AJ05,EWFE5564,MS123,2015-09-03,2,2,0.00
726,6064AJ05,EWFE5565,MS124,2015-09-04,2,2,0.00
727,6065AJ05,EWFE5566,MS125,2015-09-05,2,2,0.00
728,6066AJ05,EWFE5567,MS126,2015-09-06,2,2,0.00
729,6067AJ05,EWFE5568,MS127,2015-09-07,2,2,0.00
730,6068AJ05,EWFE5569,MS128,2015-09-08,2,2,0.00
731,6069AJ05,EWFE5570,MS129,2015-09-09,2,2,0.00
732,6070AJ05,EWFE5571,MS130,2015-09-10,2,2,0.00
733,6071AJ05,EWFE5572,MS131,2015-09-11,2,2,0.00
734,6072AJ05,EWFE5573,MS132,2015-09-12,2,2,0.00
735,6073AJ05,EWFE5574,MS133,2015-09-13,2,2,0.00
736,6074AJ05,EWFE5575,MS134,2015-09-14,2,2,0.00
737,6075AJ05,EWFE5576,MS135,2015-09-15,2,2,0.00
738,6076AJ05,EWFE5577,MS136,2015-09-16,2,2,0.00
739,6077AJ05,EWFE5578,MS137,2015-09-17,2,2,0.00
740,6078AJ05,EWFE5579,MS138,2015-09-18,2,2,0.00
741,6079AJ05,EWFE5580,MS139,2015-09-19,2,2,0.00
742,6080AJ05,EWFE5581,MS140,2015-09-20,2,2,0.00
743,6081AJ05,EWFE5582,MS141,2015-09-21,2,2,0.00
744,6082AJ05,EWFE5583,MS142,2015-09-22,2,2,0.00
745,6083AJ05,EWFE5584,MS143,2015-09-23,2,2,0.00
746,6084AJ05,EWFE5585,MS144,2015-09-24,2,2,0.00
747,6085AJ05,EWFE5586,MS145,2015-09-25,2,2,0.00
748,6086AJ05,EWFE5587,MS146,2015-09-26,2,2,0.00
749,6087AJ05,EWFE5588,MS147,2015-09-27,2,2,0.00
750,6088AJ05,EWFE5589,MS148,2015-09-28,2,2,0.00
751,6089AJ05,EWFE5590,MS149,2015-09-29,2,2,0.00
752,6090AJ05,EWFE5591,MS150,2015-09-30,2,2,0.00
753,6091AJ05,EWFE5592,MS151,2015-10-01,2,2,0.00
754,6092AJ05,EWFE5593,MS152,2015-10-02,2,2,0.00
755,6093AJ05,EWFE5594,MS153,2015-10-03,2,2,0.00
756,6094AJ05,EWFE5595,MS154,2015-10-04,2,2,0.00
757,6095AJ05,EWFE5596,MS155,2015-10-05,2,2,0.00
758,6096AJ05,EWFE5597,MS156,2015-10-06,2,2,0.00
759,6097AJ05,EWFE5598,MS157,2015-10-07,2,2,0.00
760,6098AJ05,EWFE5599,MS158,2015-10-08,2,2,0.00
761,6099AJ05,EWFE5600,MS159,2015-10-09,2,2,0.00
762,6100AJ05,EWFE5601,MS160,2015-10-10,2,2,0.00
763,6101AJ05,EWFE5602,MS161,2015-10-11,2,2,0.00
764,6102AJ05,EWFE5603,MS162,2015-10-12,2,2,0.00
765,6103AJ05,EWFE5604,MS163,2015-10-13,2,2,0.00
766,6104AJ05,EWFE5605,MS164,2015-10-14,2,2,0.00
767,6105AJ05,EWFE5606,MS165,2015-10-15,2,2,0.00
768,6106AJ05,EWFE5607,MS166,2015-10-16,2,2,0.00
769,6107AJ05,EWFE5608,MS167,2015-10-17,2,2,0.00
770,6108AJ05,EWFE5609,MS168,2015-10-18,2,2,0.00
771,6109AJ05,EWFE5610,MS169,2015-10-19,2,2,0.00
772,6110AJ05,EWFE5611,MS170,2015-10-20,2,2,0.00
773,6111AJ05,EWFE5612,MS171,2015-10-21,2,2,0.00
774,6112AJ05,EWFE5613,MS172,2015-10-22,2,2,0.00
775,6113AJ05,EWFE5614,MS173,2015-10-23,2,2,0.00
776,6114AJ05,EWFE5615,MS174,2015-10-24,2,2,0.00
777,6115AJ05,EWFE5616,MS175,2015-10-25,2,2,0.00
778,6116AJ05,EWFE5617,MS176,2015-10-26,2,2,0.00
779,6117AJ05,EWFE5618,MS177,2015-10-27,2,2,0.00
780,6118AJ05,EWFE5619,MS178,2015-10-28,2,2,0.00
781,6119AJ05,EWFE5620,MS179,2015-10-29,2,2,0.00
782,6120AJ05,EWFE5621,MS180,2015-10-30,2,2,0.00
783,6121AJ05,EWFE5622,MS181,2015-10-31,2,2,0.00
784,6122AJ05,EWFE5623,MS182,2015-11-01,2,2,0.00
785,6123AJ05,EWFE5624,MS183,2015-11-02,2,2,0.00
786,6124AJ05,EWFE5625,MS184,2015-11-03,2,2,0.00
787,6125AJ05,EWFE5626,MS185,2015-11-04,2,2,0.00
788,6126AJ05,EWFE5627,MS186,2015-11-05,2,2,0.00
789,6127AJ05,EWFE5628,MS187,2015-11-06,2,2,0.00
790,6128AJ05,EWFE5629,MS188,2015-11-07,2,2,0.00
791,6129AJ05,EWFE5630,MS189,2015-11-08,2,2,0.00
792,6130AJ05,EWFE5631,MS190,2015-11-09,2,2,0.00
793,6131AJ05,EWFE5632,MS191,2015-11-10,2,2,0.00
794,6132AJ05,EWFE5633,MS192,2015-11-11,2,2,0.00
795,6133AJ05,EWFE5634,MS193,2015-11-12,2,2,0.00
796,6134AJ05,EWFE5635,MS194,2015-11-13,2,2,0.00
797,6135AJ05,EWFE5636,MS195,2015-11-14,2,2,0.00
798,6136AJ05,EWFE5637,MS196,2015-11-15,2,2,0.00
799,6137AJ05,EWFE5638,MS197,2015-11-16,2,2,0.00
800,6138AJ05,EWFE5639,MS198,2015-11-17,2,2,0.00
801,6139AJ05,EWFE5640,MS199,2015-11-18,2,2,0.00
802,6140AJ05,EWFE5641,MS200,2015-11-19,2,2,0.00
803,6141AJ05,EWFE5642,MS201,2015-11-20,2,2,0.00
804,6142AJ05,EWFE5643,MS202,2015-11-21,2,2,0.00
805,6143AJ05,EWFE5644,MS203,2015-11-22,2,2,0.00
806,6144AJ05,EWFE5645,MS204,2015-11-23,2,2,0.00
807,6145AJ05,EWFE5646,MS205,2015-11-24,2,2,0.00
808,6146AJ05,EWFE5647,MS206,2015-11-25,2,2,0.00
809,6147AJ05,EWFE5648,MS207,2015-11-26,2,2,0.00
810,6148AJ05,EWFE5649,MS208,2015-11-27,2,2,0.00
811,6149AJ05,EWFE5650,MS209,2015-11-28,2,2,0.00
812,6150AJ05,EWFE5651,MS210,2015-11-29,2,2,0.00
813,6151AJ05,EWFE5652,MS211,2015-11-30,2,2,0.00
814,6152AJ05,EWFE5653,MS212,2015-12-01,2,2,0.00
815,6153AJ05,EWFE5654,MS213,2015-12-02,2,2,0.00
816,6154AJ05,EWFE5655,MS214,2015-12-03,2,2,0.00
817,6155AJ05,EWFE5656,MS215,2015-12-04,2,2,0.00
818,6156AJ05,EWFE5657,MS216,2015-12-05,2,2,0.00
819,6157AJ05,EWFE5658,MS217,2015-12-06,2,2,0.00
820,6158AJ05,EWFE5659,MS218,2015-12-07,2,2,0.00
821,6159AJ05,EWFE5660,MS219,2015-12-08,2,2,0.00
822,6160AJ05,EWFE5661,MS220,2015-12-09,2,2,0.00
823,6161AJ05,EWFE5662,MS221,2015-12-10,2,2,0.00
824,6162AJ05,EWFE5663,MS222,2015-12-11,2,2,0.00
825,6163AJ05,EWFE5664,MS223,2015-12-12,2,2,0.00
826,6164AJ05,EWFE5665,MS224,2015-12-13,2,2,0.00
827,6165AJ05,EWFE5666,MS225,2015-12-14,2,2,0.00
828,6166AJ05,EWFE5667,MS226,2015-12-15,2,2,0.00
829,6167AJ05,EWFE5668,MS227,2015-12-16,2,2,0.00
830,6168AJ05,EWFE5669,MS228,2015-12-17,2,2,0.00
831,6169AJ05,EWFE5670,MS229,2015-12-18,2,2,0.00
832,6170AJ05,EWFE5671,MS230,2015-12-19,2,2,0.00
833,6171AJ05,EWFE5672,MS231,2015-12-20,2,2,0.00
834,6172AJ05,EWFE5673,MS232,2015-12-21,2,2,0.00
835,6173AJ05,EWFE5674,MS233,2015-12-22,2,2,0.00
836,6174AJ05,EWFE5675,MS234,2015-12-23,2,2,0.00
837,6175AJ05,EWFE5676,MS235,2015-12-24,2,2,0.00
838,78452,864354,M666,2022-09-22,7,3,1256000.00
839,3025AM05,WBP1213455642312323,HK001,2022-11-07,7,2,0.00
